{
  "40": 0.4205808267891539,
  "35": 0.42287746332790044,
  "30": 0.4286931397244036,
  "25": 0.44210253370869756,
  "20": 0.47684842198844274,
  "15": 0.5487109201363165,
  "10": 0.6929545117795229,
  "5": 0.8226774336938806,
  "0": 0.8775003704252482,
  "-5": 0.9316935842347014
}