{
  "40": 0.3298927743762483,
  "35": 0.3303162298517932,
  "30": 0.3335347235331141,
  "25": 0.3406536278360201,
  "20": 0.35978695304661856,
  "15": 0.4159625844339033,
  "10": 0.5717542570288315,
  "5": 0.8129644805416695,
  "0": 0.8891488597492296,
  "-5": 0.9208535229861505
}