{
  "40": 0.23920472196334266,
  "35": 0.23775499637568603,
  "30": 0.23837630734182458,
  "25": 0.23920472196334266,
  "20": 0.24272548410479444,
  "15": 0.2832142487314901,
  "10": 0.4505540022781402,
  "5": 0.8032515273894584,
  "0": 0.9007973490732112,
  "-5": 0.9100134617375997
}